S.No,Headline
1,US downplays threat to Gaza ceasefire as Hamas says more time needed to find hostage bodies
2,Trump says Modi has agreed to stop buying Russian oil
3,Giuffre accuses 'entitled' Andrew in posthumous book
4,UK Cabinet rejects claim China breached high-level systems
5,India's exports to US plunge as Trump's 50% tariffs kick in
6,Trump says Modi has agreed to stop buying Russian oil
7,China arrested 30 Christians. Some fear it's the start of a bigger crackdown
8,"Australia's rainforests are releasing more carbon than they absorb, warn scientists"
9,Trump says he authorised CIA in Venezuela as Maduro says 'no to regime change'
10,Giuffre accuses 'entitled' Andrew in posthumous book
11,China sacks officials over viral Arc'teryx fireworks show in Tibet
12,Australian Olympic swim star Ariarne Titmus retires at 25
13,S Korea tycoon escapes paying $1bn in 'divorce of the century'
14,Afghan Taliban and Pakistan agree short truce after deadly clashes
15,"Titan imploded due to poor engineering, say US officials"
